INSERT INTO local_attractions.businesses (id, email, name, nip, password, regon) VALUES (1, 'pomiechowek@kajaki.pl', 'Firma ANMAR', '6065022504', '$2a$10$VX3dgCiOahO/4i/ksgKXAuKu9pQyTYlm6gwSWFURZbF8PheICzST2', '280377064');

INSERT INTO local_attractions.services (id, apartmentNumber, closeHourFriday, closeHourMonday, closeHourSaturday, closeHourSunday, closeHourThursday, closeHourTuesday, closeHourWednesday, description, email, houseNumber, informations, mainImage, name, openHourFriday, openHourMonday, openHourSaturday, openHourSunday, openHourThursday, openHourTuesday, openHourWednesday, phone, street, zipCode, business_id, commune_id, district_id, locality_id, province_id) VALUES (1, null, '20:00:00', '20:00:00', '22:00:00', '22:00:00', '20:00:00', '20:00:00', '20:00:00', 'Organizujemy spływy kajakowe na rzece Wkrze', 'pomiechowek@kajaki.pl', 10, 'Wypożyczalnia kajaków ANMAR', null, 'Spływy kajakowe', '09:00:00', '09:00:00', '09:00:00', '09:00:00', '09:00:00', '09:00:00', '09:00:00', '333-444-555', 'Wojska Polskiego', '05-180', 1, null, null, null, null);
INSERT INTO local_attractions.services (id, apartmentNumber, closeHourFriday, closeHourMonday, closeHourSaturday, closeHourSunday, closeHourThursday, closeHourTuesday, closeHourWednesday, description, email, houseNumber, informations, mainImage, name, openHourFriday, openHourMonday, openHourSaturday, openHourSunday, openHourThursday, openHourTuesday, openHourWednesday, phone, street, zipCode, business_id, commune_id, district_id, locality_id, province_id) VALUES (2, null, '20:00:00', '20:00:00', '22:00:00', '22:00:00', '20:00:00', '20:00:00', '20:00:00', 'Pole namiotowe przy rzece Wkrze', 'pomiechowek@kajaki.pl', 10, 'Pole namiotowe', null, 'Pole namiotowe', '09:00:00', '09:00:00', '09:00:00', '09:00:00', '09:00:00', '09:00:00', '09:00:00', '333-444-555', 'Wojska Polskiego', '05-180', 1, null, null, null, null);

INSERT INTO local_attractions.main_category (id, name) VALUES (1, 'Typ');
INSERT INTO local_attractions.main_category (id, name) VALUES (2, 'Restauracje');
INSERT INTO local_attractions.main_category (id, name) VALUES (3, 'Sportowe');
INSERT INTO local_attractions.main_category (id, name) VALUES (4, 'Nocleg');
INSERT INTO local_attractions.main_category (id, name) VALUES (5, 'Historia');
INSERT INTO local_attractions.main_category (id, name) VALUES (6, 'Moto');

INSERT INTO local_attractions.categories (id, description, name, main_category_id) VALUES (1, 'spływ kajkowy', 'Spływ kajkowy', 3);
INSERT INTO local_attractions.categories (id, description, name, main_category_id) VALUES (2, 'Noclegi pocąwszy od hotelu do pola namiotowego', 'Pole Namiotowe', 4);
INSERT INTO local_attractions.categories (id, description, name, main_category_id) VALUES (3, 'aktywnie', 'Aktywny wypoczynek', 1);
INSERT INTO local_attractions.categories (id, description, name, main_category_id) VALUES (4, 'wszystko co da się robić na świerzym powietrzu', 'Na łonie natury', 1);
INSERT INTO local_attractions.categories (id, description, name, main_category_id) VALUES (5, 'Offroad, quady, motorówki i inne ...', 'Wypożyczalnia skuterów', 6);
INSERT INTO local_attractions.categories (id, description, name, main_category_id) VALUES (6, 'wypoczynek nad wodą', 'Woda', 1);
INSERT INTO local_attractions.categories (id, description, name, main_category_id) VALUES (7, null, 'Ląd', 1);
INSERT INTO local_attractions.categories (id, description, name, main_category_id) VALUES (8, null, 'Powietrze', 1);
INSERT INTO local_attractions.categories (id, description, name, main_category_id) VALUES (9, null, 'W mieście', 1);
INSERT INTO local_attractions.categories (id, description, name, main_category_id) VALUES (10, null, 'Paralotnie', 3);
INSERT INTO local_attractions.categories (id, description, name, main_category_id) VALUES (11, null, 'Ekstremalne', 1);
INSERT INTO local_attractions.categories (id, description, name, main_category_id) VALUES (12, null, 'Afgańska', 2);
INSERT INTO local_attractions.categories (id, description, name, main_category_id) VALUES (13, null, 'Afrykańska', 2);
INSERT INTO local_attractions.categories (id, description, name, main_category_id) VALUES (14, null, 'Amerykańska', 2);
INSERT INTO local_attractions.categories (id, description, name, main_category_id) VALUES (15, null, 'Arabska', 2);
INSERT INTO local_attractions.categories (id, description, name, main_category_id) VALUES (16, null, 'Argentyńska', 2);
INSERT INTO local_attractions.categories (id, description, name, main_category_id) VALUES (17, null, 'Armeńska', 2);
INSERT INTO local_attractions.categories (id, description, name, main_category_id) VALUES (18, null, 'Australijska', 2);
INSERT INTO local_attractions.categories (id, description, name, main_category_id) VALUES (19, null, 'Azjatycka', 2);
INSERT INTO local_attractions.categories (id, description, name, main_category_id) VALUES (20, null, 'Bar', 2);
INSERT INTO local_attractions.categories (id, description, name, main_category_id) VALUES (21, null, 'Belgijska', 2);
INSERT INTO local_attractions.categories (id, description, name, main_category_id) VALUES (22, null, 'Brazylijska', 2);
INSERT INTO local_attractions.categories (id, description, name, main_category_id) VALUES (23, null, 'Brytyjska', 2);
INSERT INTO local_attractions.categories (id, description, name, main_category_id) VALUES (24, null, 'Chilijska', 2);
INSERT INTO local_attractions.categories (id, description, name, main_category_id) VALUES (25, null, 'Chińska', 2);
INSERT INTO local_attractions.categories (id, description, name, main_category_id) VALUES (26, null, 'Chorwacka', 2);
INSERT INTO local_attractions.categories (id, description, name, main_category_id) VALUES (27, null, 'Czeska', 2);
INSERT INTO local_attractions.categories (id, description, name, main_category_id) VALUES (28, null, 'Duńska', 2);
INSERT INTO local_attractions.categories (id, description, name, main_category_id) VALUES (29, null, 'Egipska', 2);
INSERT INTO local_attractions.categories (id, description, name, main_category_id) VALUES (30, null, 'Etiopska', 2);
INSERT INTO local_attractions.categories (id, description, name, main_category_id) VALUES (31, null, 'Europejska', 2);
INSERT INTO local_attractions.categories (id, description, name, main_category_id) VALUES (32, null, 'Fast Food', 2);
INSERT INTO local_attractions.categories (id, description, name, main_category_id) VALUES (33, null, 'Francuska', 2);
INSERT INTO local_attractions.categories (id, description, name, main_category_id) VALUES (34, null, 'Fusion', 2);
INSERT INTO local_attractions.categories (id, description, name, main_category_id) VALUES (35, null, 'Grecka', 2);
INSERT INTO local_attractions.categories (id, description, name, main_category_id) VALUES (36, null, 'Grill', 2);
INSERT INTO local_attractions.categories (id, description, name, main_category_id) VALUES (37, null, 'Gruzińska', 2);
INSERT INTO local_attractions.categories (id, description, name, main_category_id) VALUES (38, null, 'Hawajska', 2);
INSERT INTO local_attractions.categories (id, description, name, main_category_id) VALUES (39, null, 'Hiszpańska', 2);
INSERT INTO local_attractions.categories (id, description, name, main_category_id) VALUES (40, null, 'Indonezyjska', 2);
INSERT INTO local_attractions.categories (id, description, name, main_category_id) VALUES (41, null, 'Indyjska', 2);
INSERT INTO local_attractions.categories (id, description, name, main_category_id) VALUES (42, null, 'Irlandzka', 2);
INSERT INTO local_attractions.categories (id, description, name, main_category_id) VALUES (43, null, 'Izraelska', 2);
INSERT INTO local_attractions.categories (id, description, name, main_category_id) VALUES (44, null, 'Japońska', 2);
INSERT INTO local_attractions.categories (id, description, name, main_category_id) VALUES (45, null, 'Karaibska', 2);
INSERT INTO local_attractions.categories (id, description, name, main_category_id) VALUES (46, null, 'Kaukaska', 2);
INSERT INTO local_attractions.categories (id, description, name, main_category_id) VALUES (47, null, 'Kawiarnia', 2);
INSERT INTO local_attractions.categories (id, description, name, main_category_id) VALUES (48, null, 'Kolumbijska', 2);
INSERT INTO local_attractions.categories (id, description, name, main_category_id) VALUES (49, null, 'Koreańska', 2);
INSERT INTO local_attractions.categories (id, description, name, main_category_id) VALUES (50, null, 'Kubańska', 2);
INSERT INTO local_attractions.categories (id, description, name, main_category_id) VALUES (51, null, 'Libańska', 2);
INSERT INTO local_attractions.categories (id, description, name, main_category_id) VALUES (52, null, 'Malezyjska', 2);
INSERT INTO local_attractions.categories (id, description, name, main_category_id) VALUES (53, null, 'Marokańska', 2);
INSERT INTO local_attractions.categories (id, description, name, main_category_id) VALUES (54, null, 'Meksykańska', 2);
INSERT INTO local_attractions.categories (id, description, name, main_category_id) VALUES (55, null, 'Międzynarodowa', 2);
INSERT INTO local_attractions.categories (id, description, name, main_category_id) VALUES (56, null, 'Neapolitańska', 2);
INSERT INTO local_attractions.categories (id, description, name, main_category_id) VALUES (57, null, 'Nepalska', 2);
INSERT INTO local_attractions.categories (id, description, name, main_category_id) VALUES (58, null, 'Niemiecka', 2);
INSERT INTO local_attractions.categories (id, description, name, main_category_id) VALUES (59, null, 'Owoce morza', 2);
INSERT INTO local_attractions.categories (id, description, name, main_category_id) VALUES (60, null, 'Pakistańska', 2);
INSERT INTO local_attractions.categories (id, description, name, main_category_id) VALUES (61, null, 'Perska', 2);
INSERT INTO local_attractions.categories (id, description, name, main_category_id) VALUES (62, null, 'Peruwiańska', 2);
INSERT INTO local_attractions.categories (id, description, name, main_category_id) VALUES (63, null, 'Pizza', 2);
INSERT INTO local_attractions.categories (id, description, name, main_category_id) VALUES (64, null, 'Polska', 2);
INSERT INTO local_attractions.categories (id, description, name, main_category_id) VALUES (65, null, 'Portugalska', 2);
INSERT INTO local_attractions.categories (id, description, name, main_category_id) VALUES (66, null, 'Street Food', 2);
INSERT INTO local_attractions.categories (id, description, name, main_category_id) VALUES (67, null, 'Pub', 2);
INSERT INTO local_attractions.categories (id, description, name, main_category_id) VALUES (68, null, 'Rosyjska', 2);
INSERT INTO local_attractions.categories (id, description, name, main_category_id) VALUES (69, null, 'Rumuńska', 2);
INSERT INTO local_attractions.categories (id, description, name, main_category_id) VALUES (70, null, 'Rzymska', 2);
INSERT INTO local_attractions.categories (id, description, name, main_category_id) VALUES (71, null, 'Singapurska', 2);
INSERT INTO local_attractions.categories (id, description, name, main_category_id) VALUES (72, null, 'Skandynawska', 2);
INSERT INTO local_attractions.categories (id, description, name, main_category_id) VALUES (73, null, 'Śródziemnomorska', 2);
INSERT INTO local_attractions.categories (id, description, name, main_category_id) VALUES (74, null, 'Stek', 2);
INSERT INTO local_attractions.categories (id, description, name, main_category_id) VALUES (75, null, 'Sushi', 2);
INSERT INTO local_attractions.categories (id, description, name, main_category_id) VALUES (76, null, 'Szwajcarska', 2);
INSERT INTO local_attractions.categories (id, description, name, main_category_id) VALUES (77, null, 'Szwedzka', 2);
INSERT INTO local_attractions.categories (id, description, name, main_category_id) VALUES (78, null, 'Tajska', 2);
INSERT INTO local_attractions.categories (id, description, name, main_category_id) VALUES (79, null, 'Tajwańska', 2);
INSERT INTO local_attractions.categories (id, description, name, main_category_id) VALUES (80, null, 'Tania restauracja', 2);
INSERT INTO local_attractions.categories (id, description, name, main_category_id) VALUES (81, null, 'Tunezyjska', 2);
INSERT INTO local_attractions.categories (id, description, name, main_category_id) VALUES (82, null, 'Turecka', 2);
INSERT INTO local_attractions.categories (id, description, name, main_category_id) VALUES (83, null, 'Tybetańska', 2);
INSERT INTO local_attractions.categories (id, description, name, main_category_id) VALUES (84, null, 'Ukraińska', 2);
INSERT INTO local_attractions.categories (id, description, name, main_category_id) VALUES (85, null, 'Uzbekistańska', 2);
INSERT INTO local_attractions.categories (id, description, name, main_category_id) VALUES (86, null, 'Węgierska', 2);
INSERT INTO local_attractions.categories (id, description, name, main_category_id) VALUES (87, null, 'Wenezuelska', 2);
INSERT INTO local_attractions.categories (id, description, name, main_category_id) VALUES (88, null, 'Wietnamska', 2);
INSERT INTO local_attractions.categories (id, description, name, main_category_id) VALUES (89, null, 'Winiarnia', 2);
INSERT INTO local_attractions.categories (id, description, name, main_category_id) VALUES (90, null, 'Włoska', 2);
INSERT INTO local_attractions.categories (id, description, name, main_category_id) VALUES (91, null, 'Współczesna', 2);
INSERT INTO local_attractions.categories (id, description, name, main_category_id) VALUES (92, null, 'Zdrowa', 2);
INSERT INTO local_attractions.categories (id, description, name, main_category_id) VALUES (93, null, 'Zupy', 2);
INSERT INTO local_attractions.categories (id, description, name, main_category_id) VALUES (94, null, 'Schronisko', 4);
INSERT INTO local_attractions.categories (id, description, name, main_category_id) VALUES (95, null, 'Pensjonat', 4);
INSERT INTO local_attractions.categories (id, description, name, main_category_id) VALUES (96, null, 'Hostel', 4);
INSERT INTO local_attractions.categories (id, description, name, main_category_id) VALUES (97, null, 'Hotelik', 4);
INSERT INTO local_attractions.categories (id, description, name, main_category_id) VALUES (98, null, 'Hotel', 4);
INSERT INTO local_attractions.categories (id, description, name, main_category_id) VALUES (99, null, 'Kamping', 4);
INSERT INTO local_attractions.categories (id, description, name, main_category_id) VALUES (100, null, 'Gospodarstwo Agroturystyczne', 4);
INSERT INTO local_attractions.categories (id, description, name, main_category_id) VALUES (101, null, 'Muzeum', 5);
INSERT INTO local_attractions.categories (id, description, name, main_category_id) VALUES (102, null, 'Zabytek', 5);
INSERT INTO local_attractions.categories (id, description, name, main_category_id) VALUES (103, null, 'Zamek', 5);
INSERT INTO local_attractions.categories (id, description, name, main_category_id) VALUES (104, null, 'Pałac', 5);
INSERT INTO local_attractions.categories (id, description, name, main_category_id) VALUES (105, null, 'Skansen', 5);
INSERT INTO local_attractions.categories (id, description, name, main_category_id) VALUES (106, null, 'Dom', 4);
INSERT INTO local_attractions.categories (id, description, name, main_category_id) VALUES (107, null, 'Domek letniskowy', 4);
INSERT INTO local_attractions.categories (id, description, name, main_category_id) VALUES (108, null, 'Wypożyczalnia samochodów', 6);
INSERT INTO local_attractions.categories (id, description, name, main_category_id) VALUES (109, null, 'Wypożyczalnia sprzętu wodnego', 6);
INSERT INTO local_attractions.categories (id, description, name, main_category_id) VALUES (110, null, 'Offroad', 6);
INSERT INTO local_attractions.categories (id, description, name, main_category_id) VALUES (111, null, 'Pokój do wynajęcia', 4);

INSERT INTO local_attractions.services_categories (service_id, category_id) VALUES (2, 2);
INSERT INTO local_attractions.services_categories (service_id, category_id) VALUES (1, 36);
INSERT INTO local_attractions.services_categories (service_id, category_id) VALUES (1, 1);
INSERT INTO local_attractions.services_categories (service_id, category_id) VALUES (1, 3);
INSERT INTO local_attractions.services_categories (service_id, category_id) VALUES (1, 6);

INSERT INTO local_attractions.news_feed (id, description, ends, name, starts, service_id) VALUES (5, 'Z radością ogłaszamy, iż 1 maja 2019 rozpoczynamy sezon! Zapraszamy na spływy już od środy!', '2019-05-30', 'Początek sezonu', '2019-05-01', 1);
INSERT INTO local_attractions.news_feed (id, description, ends, name, starts, service_id) VALUES (6, 'Wszystko wskazuje na to, że lipiec będzie wyjątkowo piękny! Jeśli nie byłeś pewny pogody już się nie zastanawiaj! Chodź na kajak!', '2019-07-31', 'Lato w kajaku!', '2019-07-01', 1);
INSERT INTO local_attractions.news_feed (id, description, ends, name, starts, service_id) VALUES (7, 'W dniach 19 - 21 lipca zapraszamy na Piknnik Rycerski! 1. Pokazy walk 2. Pokaz rzemiosła 3. Średniowieczne wypieki', '2019-07-21', 'Piknik Rycerski', '2019-07-19', 1);
INSERT INTO local_attractions.offers (id, description, ends, name, starts, service_id) VALUES (2, 'Dla grup powyżej 5 osób od poniedziałku do piątku zniżka 15%! Warto!', '2019-08-31 00:00:00.000000', 'Promocja poniedziałek - piątek!', '2019-07-01 00:00:00.000000', 1);
INSERT INTO local_attractions.offers (id, description, ends, name, starts, service_id) VALUES (3, 'Przez cały sierpień od poniedziałku do piątku dzieci do lat 10 gratis!!!!', '2019-08-31 00:00:00.000000', 'Rodzinny sierpień!', '2019-08-01 00:00:00.000000', 1);
INSERT INTO local_attractions.offers (id, description, ends, name, starts, service_id) VALUES (4, 'W dniu rozpoczęcia sezonu 50% na wszystko!!!', '2019-05-01 00:00:00.000000', 'Promocja na wszystko dla wszystkich 50%!!!', '2019-05-01 00:00:00.000000', 1);
INSERT INTO local_attractions.offers (id, description, ends, name, starts, service_id) VALUES (5, 'W ostatni weekend sierpnia żegnamy lato! Zniżka 35% na spływ kajakiem, pontonem i kanu!', '2019-08-25 00:00:00.000000', 'Pożegnaie lata', '2019-08-24 00:00:00.000000', 1);

INSERT INTO local_attractions.provinces (id, name) VALUES (1, 'DOLNOŚLĄSKIE');
INSERT INTO local_attractions.provinces (id, name) VALUES (2, 'KUJAWSKO-POMORSKIE');
INSERT INTO local_attractions.provinces (id, name) VALUES (3, 'LUBELSKIE');
INSERT INTO local_attractions.provinces (id, name) VALUES (4, 'LUBUSKIE');
INSERT INTO local_attractions.provinces (id, name) VALUES (5, 'ŁÓDZKIE');
INSERT INTO local_attractions.provinces (id, name) VALUES (6, 'MAŁOPOLSKIE');
INSERT INTO local_attractions.provinces (id, name) VALUES (7, 'MAZOWIECKIE');
INSERT INTO local_attractions.provinces (id, name) VALUES (8, 'OPOLSKIE');
INSERT INTO local_attractions.provinces (id, name) VALUES (9, 'PODKARPACKIE');
INSERT INTO local_attractions.provinces (id, name) VALUES (10, 'PODLASKIE');
INSERT INTO local_attractions.provinces (id, name) VALUES (11, 'POMORSKIE');
INSERT INTO local_attractions.provinces (id, name) VALUES (12, 'ŚLĄSKIE');
INSERT INTO local_attractions.provinces (id, name) VALUES (13, 'ŚWIĘTOKRZYSKIE');
INSERT INTO local_attractions.provinces (id, name) VALUES (14, 'WARMIŃSKO-MAZURSKIE');
INSERT INTO local_attractions.provinces (id, name) VALUES (15, 'WIELKOPOLSKIE');
INSERT INTO local_attractions.provinces (id, name) VALUES (16, 'ZACHODNIOPOMORSKIE');

INSERT INTO local_attractions.districts (id, name, province_id) VALUES (1, 'bolesławiecki', 1);
INSERT INTO local_attractions.districts (id, name, province_id) VALUES (2, 'dzierżoniowski', 1);
INSERT INTO local_attractions.districts (id, name, province_id) VALUES (3, 'głogowski', 1);
INSERT INTO local_attractions.districts (id, name, province_id) VALUES (4, 'górowski', 1);
INSERT INTO local_attractions.districts (id, name, province_id) VALUES (5, 'jaworski', 1);
INSERT INTO local_attractions.districts (id, name, province_id) VALUES (6, 'jeleniogórski', 1);
INSERT INTO local_attractions.districts (id, name, province_id) VALUES (7, 'kamiennogórski', 1);
INSERT INTO local_attractions.districts (id, name, province_id) VALUES (8, 'kłodzki', 1);
INSERT INTO local_attractions.districts (id, name, province_id) VALUES (9, 'legnicki', 1);
INSERT INTO local_attractions.districts (id, name, province_id) VALUES (10, 'lubański', 1);
INSERT INTO local_attractions.districts (id, name, province_id) VALUES (11, 'lubiński', 1);
INSERT INTO local_attractions.districts (id, name, province_id) VALUES (12, 'lwówecki', 1);
INSERT INTO local_attractions.districts (id, name, province_id) VALUES (13, 'milicki', 1);
INSERT INTO local_attractions.districts (id, name, province_id) VALUES (14, 'oleśnicki', 1);
INSERT INTO local_attractions.districts (id, name, province_id) VALUES (15, 'oławski', 1);
INSERT INTO local_attractions.districts (id, name, province_id) VALUES (16, 'polkowicki', 1);
INSERT INTO local_attractions.districts (id, name, province_id) VALUES (17, 'strzeliński', 1);
INSERT INTO local_attractions.districts (id, name, province_id) VALUES (18, 'średzki', 1);
INSERT INTO local_attractions.districts (id, name, province_id) VALUES (19, 'świdnicki', 1);
INSERT INTO local_attractions.districts (id, name, province_id) VALUES (20, 'trzebnicki', 1);
INSERT INTO local_attractions.districts (id, name, province_id) VALUES (21, 'wałbrzyski', 1);
INSERT INTO local_attractions.districts (id, name, province_id) VALUES (22, 'wołowski', 1);
INSERT INTO local_attractions.districts (id, name, province_id) VALUES (23, 'wrocławski', 1);
INSERT INTO local_attractions.districts (id, name, province_id) VALUES (24, 'ząbkowicki', 1);
INSERT INTO local_attractions.districts (id, name, province_id) VALUES (25, 'zgorzelecki', 1);
INSERT INTO local_attractions.districts (id, name, province_id) VALUES (26, 'złotoryjski', 1);
INSERT INTO local_attractions.districts (id, name, province_id) VALUES (27, 'Jelenia Góra', 1);
INSERT INTO local_attractions.districts (id, name, province_id) VALUES (28, 'Legnica', 1);
INSERT INTO local_attractions.districts (id, name, province_id) VALUES (29, 'Wrocław', 1);
INSERT INTO local_attractions.districts (id, name, province_id) VALUES (30, 'Wałbrzych', 1);
INSERT INTO local_attractions.districts (id, name, province_id) VALUES (31, 'aleksandrowski', 2);
INSERT INTO local_attractions.districts (id, name, province_id) VALUES (32, 'brodnicki', 2);
INSERT INTO local_attractions.districts (id, name, province_id) VALUES (33, 'bydgoski', 2);
INSERT INTO local_attractions.districts (id, name, province_id) VALUES (34, 'chełmiński', 2);
INSERT INTO local_attractions.districts (id, name, province_id) VALUES (35, 'golubsko-dobrzyński', 2);
INSERT INTO local_attractions.districts (id, name, province_id) VALUES (36, 'grudziądzki', 2);
INSERT INTO local_attractions.districts (id, name, province_id) VALUES (37, 'inowrocławski', 2);
INSERT INTO local_attractions.districts (id, name, province_id) VALUES (38, 'lipnowski', 2);
INSERT INTO local_attractions.districts (id, name, province_id) VALUES (39, 'mogileński', 2);
INSERT INTO local_attractions.districts (id, name, province_id) VALUES (40, 'nakielski', 2);
INSERT INTO local_attractions.districts (id, name, province_id) VALUES (41, 'radziejowski', 2);
INSERT INTO local_attractions.districts (id, name, province_id) VALUES (42, 'rypiński', 2);
INSERT INTO local_attractions.districts (id, name, province_id) VALUES (43, 'sępoleński', 2);
INSERT INTO local_attractions.districts (id, name, province_id) VALUES (44, 'świecki', 2);
INSERT INTO local_attractions.districts (id, name, province_id) VALUES (45, 'toruński', 2);
INSERT INTO local_attractions.districts (id, name, province_id) VALUES (46, 'tucholski', 2);
INSERT INTO local_attractions.districts (id, name, province_id) VALUES (47, 'wąbrzeski', 2);
INSERT INTO local_attractions.districts (id, name, province_id) VALUES (48, 'włocławski', 2);
INSERT INTO local_attractions.districts (id, name, province_id) VALUES (49, 'żniński', 2);
INSERT INTO local_attractions.districts (id, name, province_id) VALUES (50, 'Bydgoszcz', 2);
INSERT INTO local_attractions.districts (id, name, province_id) VALUES (51, 'Grudziądz', 2);
INSERT INTO local_attractions.districts (id, name, province_id) VALUES (52, 'Toruń', 2);
INSERT INTO local_attractions.districts (id, name, province_id) VALUES (53, 'Włocławek', 2);
INSERT INTO local_attractions.districts (id, name, province_id) VALUES (54, 'bialski', 3);
INSERT INTO local_attractions.districts (id, name, province_id) VALUES (55, 'biłgorajski', 3);
INSERT INTO local_attractions.districts (id, name, province_id) VALUES (56, 'chełmski', 3);
INSERT INTO local_attractions.districts (id, name, province_id) VALUES (57, 'hrubieszowski', 3);
INSERT INTO local_attractions.districts (id, name, province_id) VALUES (58, 'janowski', 3);
INSERT INTO local_attractions.districts (id, name, province_id) VALUES (59, 'krasnostawski', 3);
INSERT INTO local_attractions.districts (id, name, province_id) VALUES (60, 'kraśnicki', 3);
INSERT INTO local_attractions.districts (id, name, province_id) VALUES (61, 'lubartowski', 3);
INSERT INTO local_attractions.districts (id, name, province_id) VALUES (62, 'lubelski', 3);
INSERT INTO local_attractions.districts (id, name, province_id) VALUES (63, 'łęczyński', 3);
INSERT INTO local_attractions.districts (id, name, province_id) VALUES (64, 'łukowski', 3);
INSERT INTO local_attractions.districts (id, name, province_id) VALUES (65, 'opolski', 3);
INSERT INTO local_attractions.districts (id, name, province_id) VALUES (66, 'parczewski', 3);
INSERT INTO local_attractions.districts (id, name, province_id) VALUES (67, 'puławski', 3);
INSERT INTO local_attractions.districts (id, name, province_id) VALUES (68, 'radzyński', 3);
INSERT INTO local_attractions.districts (id, name, province_id) VALUES (69, 'rycki', 3);
INSERT INTO local_attractions.districts (id, name, province_id) VALUES (70, 'świdnicki', 3);
INSERT INTO local_attractions.districts (id, name, province_id) VALUES (71, 'tomaszowski', 3);
INSERT INTO local_attractions.districts (id, name, province_id) VALUES (72, 'włodawski', 3);
INSERT INTO local_attractions.districts (id, name, province_id) VALUES (73, 'zamojski', 3);
INSERT INTO local_attractions.districts (id, name, province_id) VALUES (74, 'Biała Podlaska', 3);
INSERT INTO local_attractions.districts (id, name, province_id) VALUES (75, 'Chełm', 3);
INSERT INTO local_attractions.districts (id, name, province_id) VALUES (76, 'Lublin', 3);
INSERT INTO local_attractions.districts (id, name, province_id) VALUES (77, 'Zamość', 3);
INSERT INTO local_attractions.districts (id, name, province_id) VALUES (78, 'gorzowski', 4);
INSERT INTO local_attractions.districts (id, name, province_id) VALUES (79, 'krośnieński', 4);
INSERT INTO local_attractions.districts (id, name, province_id) VALUES (80, 'międzyrzecki', 4);
INSERT INTO local_attractions.districts (id, name, province_id) VALUES (81, 'nowosolski', 4);
INSERT INTO local_attractions.districts (id, name, province_id) VALUES (82, 'słubicki', 4);
INSERT INTO local_attractions.districts (id, name, province_id) VALUES (83, 'strzelecko-drezdenecki', 4);
INSERT INTO local_attractions.districts (id, name, province_id) VALUES (84, 'sulęciński', 4);
INSERT INTO local_attractions.districts (id, name, province_id) VALUES (85, 'świebodziński', 4);
INSERT INTO local_attractions.districts (id, name, province_id) VALUES (86, 'zielonogórski', 4);
INSERT INTO local_attractions.districts (id, name, province_id) VALUES (87, 'żagański', 4);
INSERT INTO local_attractions.districts (id, name, province_id) VALUES (88, 'żarski', 4);
INSERT INTO local_attractions.districts (id, name, province_id) VALUES (89, 'wschowski', 4);
INSERT INTO local_attractions.districts (id, name, province_id) VALUES (90, 'Gorzów Wielkopolski', 4);
INSERT INTO local_attractions.districts (id, name, province_id) VALUES (91, 'Zielona Góra', 4);
INSERT INTO local_attractions.districts (id, name, province_id) VALUES (92, 'bełchatowski', 5);
INSERT INTO local_attractions.districts (id, name, province_id) VALUES (93, 'kutnowski', 5);
INSERT INTO local_attractions.districts (id, name, province_id) VALUES (94, 'łaski', 5);
INSERT INTO local_attractions.districts (id, name, province_id) VALUES (95, 'łęczycki', 5);
INSERT INTO local_attractions.districts (id, name, province_id) VALUES (96, 'łowicki', 5);
INSERT INTO local_attractions.districts (id, name, province_id) VALUES (97, 'łódzki wschodni', 5);
INSERT INTO local_attractions.districts (id, name, province_id) VALUES (98, 'opoczyński', 5);
INSERT INTO local_attractions.districts (id, name, province_id) VALUES (99, 'pabianicki', 5);
INSERT INTO local_attractions.districts (id, name, province_id) VALUES (100, 'pajęczański', 5);
INSERT INTO local_attractions.districts (id, name, province_id) VALUES (101, 'piotrkowski', 5);
INSERT INTO local_attractions.districts (id, name, province_id) VALUES (102, 'poddębicki', 5);
INSERT INTO local_attractions.districts (id, name, province_id) VALUES (103, 'radomszczański', 5);
INSERT INTO local_attractions.districts (id, name, province_id) VALUES (104, 'rawski', 5);
INSERT INTO local_attractions.districts (id, name, province_id) VALUES (105, 'sieradzki', 5);
INSERT INTO local_attractions.districts (id, name, province_id) VALUES (106, 'skierniewicki', 5);
INSERT INTO local_attractions.districts (id, name, province_id) VALUES (107, 'tomaszowski', 5);
INSERT INTO local_attractions.districts (id, name, province_id) VALUES (108, 'wieluński', 5);
INSERT INTO local_attractions.districts (id, name, province_id) VALUES (109, 'wieruszowski', 5);
INSERT INTO local_attractions.districts (id, name, province_id) VALUES (110, 'zduńskowolski', 5);
INSERT INTO local_attractions.districts (id, name, province_id) VALUES (111, 'zgierski', 5);
INSERT INTO local_attractions.districts (id, name, province_id) VALUES (112, 'brzeziński', 5);
INSERT INTO local_attractions.districts (id, name, province_id) VALUES (113, 'Łódź', 5);
INSERT INTO local_attractions.districts (id, name, province_id) VALUES (114, 'Piotrków Trybunalski', 5);
INSERT INTO local_attractions.districts (id, name, province_id) VALUES (115, 'Skierniewice', 5);
INSERT INTO local_attractions.districts (id, name, province_id) VALUES (116, 'bocheński', 6);
INSERT INTO local_attractions.districts (id, name, province_id) VALUES (117, 'brzeski', 6);
INSERT INTO local_attractions.districts (id, name, province_id) VALUES (118, 'chrzanowski', 6);
INSERT INTO local_attractions.districts (id, name, province_id) VALUES (119, 'dąbrowski', 6);
INSERT INTO local_attractions.districts (id, name, province_id) VALUES (120, 'gorlicki', 6);
INSERT INTO local_attractions.districts (id, name, province_id) VALUES (121, 'krakowski', 6);
INSERT INTO local_attractions.districts (id, name, province_id) VALUES (122, 'limanowski', 6);
INSERT INTO local_attractions.districts (id, name, province_id) VALUES (123, 'miechowski', 6);
INSERT INTO local_attractions.districts (id, name, province_id) VALUES (124, 'myślenicki', 6);
INSERT INTO local_attractions.districts (id, name, province_id) VALUES (125, 'nowosądecki', 6);
INSERT INTO local_attractions.districts (id, name, province_id) VALUES (126, 'nowotarski', 6);
INSERT INTO local_attractions.districts (id, name, province_id) VALUES (127, 'olkuski', 6);
INSERT INTO local_attractions.districts (id, name, province_id) VALUES (128, 'oświęcimski', 6);
INSERT INTO local_attractions.districts (id, name, province_id) VALUES (129, 'proszowicki', 6);
INSERT INTO local_attractions.districts (id, name, province_id) VALUES (130, 'suski', 6);
INSERT INTO local_attractions.districts (id, name, province_id) VALUES (131, 'tarnowski', 6);
INSERT INTO local_attractions.districts (id, name, province_id) VALUES (132, 'tatrzański', 6);
INSERT INTO local_attractions.districts (id, name, province_id) VALUES (133, 'wadowicki', 6);
INSERT INTO local_attractions.districts (id, name, province_id) VALUES (134, 'wielicki', 6);
INSERT INTO local_attractions.districts (id, name, province_id) VALUES (135, 'Kraków', 6);
INSERT INTO local_attractions.districts (id, name, province_id) VALUES (136, 'Nowy Sącz', 6);
INSERT INTO local_attractions.districts (id, name, province_id) VALUES (137, 'Tarnów', 6);
INSERT INTO local_attractions.districts (id, name, province_id) VALUES (138, 'białobrzeski', 7);
INSERT INTO local_attractions.districts (id, name, province_id) VALUES (139, 'ciechanowski', 7);
INSERT INTO local_attractions.districts (id, name, province_id) VALUES (140, 'garwoliński', 7);
INSERT INTO local_attractions.districts (id, name, province_id) VALUES (141, 'gostyniński', 7);
INSERT INTO local_attractions.districts (id, name, province_id) VALUES (142, 'grodziski', 7);
INSERT INTO local_attractions.districts (id, name, province_id) VALUES (143, 'grójecki', 7);
INSERT INTO local_attractions.districts (id, name, province_id) VALUES (144, 'kozienicki', 7);
INSERT INTO local_attractions.districts (id, name, province_id) VALUES (145, 'legionowski', 7);
INSERT INTO local_attractions.districts (id, name, province_id) VALUES (146, 'lipski', 7);
INSERT INTO local_attractions.districts (id, name, province_id) VALUES (147, 'łosicki', 7);
INSERT INTO local_attractions.districts (id, name, province_id) VALUES (148, 'makowski', 7);
INSERT INTO local_attractions.districts (id, name, province_id) VALUES (149, 'miński', 7);
INSERT INTO local_attractions.districts (id, name, province_id) VALUES (150, 'mławski', 7);
INSERT INTO local_attractions.districts (id, name, province_id) VALUES (151, 'nowodworski', 7);
INSERT INTO local_attractions.districts (id, name, province_id) VALUES (152, 'ostrołęcki', 7);
INSERT INTO local_attractions.districts (id, name, province_id) VALUES (153, 'ostrowski', 7);
INSERT INTO local_attractions.districts (id, name, province_id) VALUES (154, 'otwocki', 7);
INSERT INTO local_attractions.districts (id, name, province_id) VALUES (155, 'piaseczyński', 7);
INSERT INTO local_attractions.districts (id, name, province_id) VALUES (156, 'płocki', 7);
INSERT INTO local_attractions.districts (id, name, province_id) VALUES (157, 'płoński', 7);
INSERT INTO local_attractions.districts (id, name, province_id) VALUES (158, 'pruszkowski', 7);
INSERT INTO local_attractions.districts (id, name, province_id) VALUES (159, 'przasnyski', 7);
INSERT INTO local_attractions.districts (id, name, province_id) VALUES (160, 'przysuski', 7);
INSERT INTO local_attractions.districts (id, name, province_id) VALUES (161, 'pułtuski', 7);
INSERT INTO local_attractions.districts (id, name, province_id) VALUES (162, 'radomski', 7);
INSERT INTO local_attractions.districts (id, name, province_id) VALUES (163, 'siedlecki', 7);
INSERT INTO local_attractions.districts (id, name, province_id) VALUES (164, 'sierpecki', 7);
INSERT INTO local_attractions.districts (id, name, province_id) VALUES (165, 'sochaczewski', 7);
INSERT INTO local_attractions.districts (id, name, province_id) VALUES (166, 'sokołowski', 7);
INSERT INTO local_attractions.districts (id, name, province_id) VALUES (167, 'szydłowiecki', 7);
INSERT INTO local_attractions.districts (id, name, province_id) VALUES (168, 'warszawski zachodni', 7);
INSERT INTO local_attractions.districts (id, name, province_id) VALUES (169, 'węgrowski', 7);
INSERT INTO local_attractions.districts (id, name, province_id) VALUES (170, 'wołomiński', 7);
INSERT INTO local_attractions.districts (id, name, province_id) VALUES (171, 'wyszkowski', 7);
INSERT INTO local_attractions.districts (id, name, province_id) VALUES (172, 'zwoleński', 7);
INSERT INTO local_attractions.districts (id, name, province_id) VALUES (173, 'żuromiński', 7);
INSERT INTO local_attractions.districts (id, name, province_id) VALUES (174, 'żyrardowski', 7);
INSERT INTO local_attractions.districts (id, name, province_id) VALUES (175, 'Ostrołęka', 7);
INSERT INTO local_attractions.districts (id, name, province_id) VALUES (176, 'Płock', 7);
INSERT INTO local_attractions.districts (id, name, province_id) VALUES (177, 'Radom', 7);
INSERT INTO local_attractions.districts (id, name, province_id) VALUES (178, 'Siedlce', 7);
INSERT INTO local_attractions.districts (id, name, province_id) VALUES (179, 'Warszawa', 7);
INSERT INTO local_attractions.districts (id, name, province_id) VALUES (180, 'brzeski', 8);
INSERT INTO local_attractions.districts (id, name, province_id) VALUES (181, 'głubczycki', 8);
INSERT INTO local_attractions.districts (id, name, province_id) VALUES (182, 'kędzierzyńsko-kozielski', 8);
INSERT INTO local_attractions.districts (id, name, province_id) VALUES (183, 'kluczborski', 8);
INSERT INTO local_attractions.districts (id, name, province_id) VALUES (184, 'krapkowicki', 8);
INSERT INTO local_attractions.districts (id, name, province_id) VALUES (185, 'namysłowski', 8);
INSERT INTO local_attractions.districts (id, name, province_id) VALUES (186, 'nyski', 8);
INSERT INTO local_attractions.districts (id, name, province_id) VALUES (187, 'oleski', 8);
INSERT INTO local_attractions.districts (id, name, province_id) VALUES (188, 'opolski', 8);
INSERT INTO local_attractions.districts (id, name, province_id) VALUES (189, 'prudnicki', 8);
INSERT INTO local_attractions.districts (id, name, province_id) VALUES (190, 'strzelecki', 8);
INSERT INTO local_attractions.districts (id, name, province_id) VALUES (191, 'Opole', 8);
INSERT INTO local_attractions.districts (id, name, province_id) VALUES (192, 'bieszczadzki', 9);
INSERT INTO local_attractions.districts (id, name, province_id) VALUES (193, 'brzozowski', 9);
INSERT INTO local_attractions.districts (id, name, province_id) VALUES (194, 'dębicki', 9);
INSERT INTO local_attractions.districts (id, name, province_id) VALUES (195, 'jarosławski', 9);
INSERT INTO local_attractions.districts (id, name, province_id) VALUES (196, 'jasielski', 9);
INSERT INTO local_attractions.districts (id, name, province_id) VALUES (197, 'kolbuszowski', 9);
INSERT INTO local_attractions.districts (id, name, province_id) VALUES (198, 'krośnieński', 9);
INSERT INTO local_attractions.districts (id, name, province_id) VALUES (199, 'leżajski', 9);
INSERT INTO local_attractions.districts (id, name, province_id) VALUES (200, 'lubaczowski', 9);
INSERT INTO local_attractions.districts (id, name, province_id) VALUES (201, 'łańcucki', 9);
INSERT INTO local_attractions.districts (id, name, province_id) VALUES (202, 'mielecki', 9);
INSERT INTO local_attractions.districts (id, name, province_id) VALUES (203, 'niżański', 9);
INSERT INTO local_attractions.districts (id, name, province_id) VALUES (204, 'przemyski', 9);
INSERT INTO local_attractions.districts (id, name, province_id) VALUES (205, 'przeworski', 9);
INSERT INTO local_attractions.districts (id, name, province_id) VALUES (206, 'ropczycko-sędziszowski', 9);
INSERT INTO local_attractions.districts (id, name, province_id) VALUES (207, 'rzeszowski', 9);
INSERT INTO local_attractions.districts (id, name, province_id) VALUES (208, 'sanocki', 9);
INSERT INTO local_attractions.districts (id, name, province_id) VALUES (209, 'stalowowolski', 9);
INSERT INTO local_attractions.districts (id, name, province_id) VALUES (210, 'strzyżowski', 9);
INSERT INTO local_attractions.districts (id, name, province_id) VALUES (211, 'tarnobrzeski', 9);
INSERT INTO local_attractions.districts (id, name, province_id) VALUES (212, 'leski', 9);
INSERT INTO local_attractions.districts (id, name, province_id) VALUES (213, 'Krosno', 9);
INSERT INTO local_attractions.districts (id, name, province_id) VALUES (214, 'Przemyśl', 9);
INSERT INTO local_attractions.districts (id, name, province_id) VALUES (215, 'Rzeszów', 9);
INSERT INTO local_attractions.districts (id, name, province_id) VALUES (216, 'Tarnobrzeg', 9);
INSERT INTO local_attractions.districts (id, name, province_id) VALUES (217, 'augustowski', 10);
INSERT INTO local_attractions.districts (id, name, province_id) VALUES (218, 'białostocki', 10);
INSERT INTO local_attractions.districts (id, name, province_id) VALUES (219, 'bielski', 10);
INSERT INTO local_attractions.districts (id, name, province_id) VALUES (220, 'grajewski', 10);
INSERT INTO local_attractions.districts (id, name, province_id) VALUES (221, 'hajnowski', 10);
INSERT INTO local_attractions.districts (id, name, province_id) VALUES (222, 'kolneński', 10);
INSERT INTO local_attractions.districts (id, name, province_id) VALUES (223, 'łomżyński', 10);
INSERT INTO local_attractions.districts (id, name, province_id) VALUES (224, 'moniecki', 10);
INSERT INTO local_attractions.districts (id, name, province_id) VALUES (225, 'sejneński', 10);
INSERT INTO local_attractions.districts (id, name, province_id) VALUES (226, 'siemiatycki', 10);
INSERT INTO local_attractions.districts (id, name, province_id) VALUES (227, 'sokólski', 10);
INSERT INTO local_attractions.districts (id, name, province_id) VALUES (228, 'suwalski', 10);
INSERT INTO local_attractions.districts (id, name, province_id) VALUES (229, 'wysokomazowiecki', 10);
INSERT INTO local_attractions.districts (id, name, province_id) VALUES (230, 'zambrowski', 10);
INSERT INTO local_attractions.districts (id, name, province_id) VALUES (231, 'Białystok', 10);
INSERT INTO local_attractions.districts (id, name, province_id) VALUES (232, 'Łomża', 10);
INSERT INTO local_attractions.districts (id, name, province_id) VALUES (233, 'Suwałki', 10);
INSERT INTO local_attractions.districts (id, name, province_id) VALUES (234, 'bytowski', 11);
INSERT INTO local_attractions.districts (id, name, province_id) VALUES (235, 'chojnicki', 11);
INSERT INTO local_attractions.districts (id, name, province_id) VALUES (236, 'człuchowski', 11);
INSERT INTO local_attractions.districts (id, name, province_id) VALUES (237, 'gdański', 11);
INSERT INTO local_attractions.districts (id, name, province_id) VALUES (238, 'kartuski', 11);
INSERT INTO local_attractions.districts (id, name, province_id) VALUES (239, 'kościerski', 11);
INSERT INTO local_attractions.districts (id, name, province_id) VALUES (240, 'kwidzyński', 11);
INSERT INTO local_attractions.districts (id, name, province_id) VALUES (241, 'lęborski', 11);
INSERT INTO local_attractions.districts (id, name, province_id) VALUES (242, 'malborski', 11);
INSERT INTO local_attractions.districts (id, name, province_id) VALUES (243, 'nowodworski', 11);
INSERT INTO local_attractions.districts (id, name, province_id) VALUES (244, 'pucki', 11);
INSERT INTO local_attractions.districts (id, name, province_id) VALUES (245, 'słupski', 11);
INSERT INTO local_attractions.districts (id, name, province_id) VALUES (246, 'starogardzki', 11);
INSERT INTO local_attractions.districts (id, name, province_id) VALUES (247, 'tczewski', 11);
INSERT INTO local_attractions.districts (id, name, province_id) VALUES (248, 'wejherowski', 11);
INSERT INTO local_attractions.districts (id, name, province_id) VALUES (249, 'sztumski', 11);
INSERT INTO local_attractions.districts (id, name, province_id) VALUES (250, 'Gdańsk', 11);
INSERT INTO local_attractions.districts (id, name, province_id) VALUES (251, 'Gdynia', 11);
INSERT INTO local_attractions.districts (id, name, province_id) VALUES (252, 'Słupsk', 11);
INSERT INTO local_attractions.districts (id, name, province_id) VALUES (253, 'Sopot', 11);
INSERT INTO local_attractions.districts (id, name, province_id) VALUES (254, 'będziński', 12);
INSERT INTO local_attractions.districts (id, name, province_id) VALUES (255, 'bielski', 12);
INSERT INTO local_attractions.districts (id, name, province_id) VALUES (256, 'cieszyński', 12);
INSERT INTO local_attractions.districts (id, name, province_id) VALUES (257, 'częstochowski', 12);
INSERT INTO local_attractions.districts (id, name, province_id) VALUES (258, 'gliwicki', 12);
INSERT INTO local_attractions.districts (id, name, province_id) VALUES (259, 'kłobucki', 12);
INSERT INTO local_attractions.districts (id, name, province_id) VALUES (260, 'lubliniecki', 12);
INSERT INTO local_attractions.districts (id, name, province_id) VALUES (261, 'mikołowski', 12);
INSERT INTO local_attractions.districts (id, name, province_id) VALUES (262, 'myszkowski', 12);
INSERT INTO local_attractions.districts (id, name, province_id) VALUES (263, 'pszczyński', 12);
INSERT INTO local_attractions.districts (id, name, province_id) VALUES (264, 'raciborski', 12);
INSERT INTO local_attractions.districts (id, name, province_id) VALUES (265, 'rybnicki', 12);
INSERT INTO local_attractions.districts (id, name, province_id) VALUES (266, 'tarnogórski', 12);
INSERT INTO local_attractions.districts (id, name, province_id) VALUES (267, 'bieruńsko-lędziński', 12);
INSERT INTO local_attractions.districts (id, name, province_id) VALUES (268, 'wodzisławski', 12);
INSERT INTO local_attractions.districts (id, name, province_id) VALUES (269, 'zawierciański', 12);
INSERT INTO local_attractions.districts (id, name, province_id) VALUES (270, 'żywiecki', 12);
INSERT INTO local_attractions.districts (id, name, province_id) VALUES (271, 'Bielsko-Biała', 12);
INSERT INTO local_attractions.districts (id, name, province_id) VALUES (272, 'Bytom', 12);
INSERT INTO local_attractions.districts (id, name, province_id) VALUES (273, 'Chorzów', 12);
INSERT INTO local_attractions.districts (id, name, province_id) VALUES (274, 'Częstochowa', 12);
INSERT INTO local_attractions.districts (id, name, province_id) VALUES (275, 'Dąbrowa Górnicza', 12);
INSERT INTO local_attractions.districts (id, name, province_id) VALUES (276, 'Gliwice', 12);
INSERT INTO local_attractions.districts (id, name, province_id) VALUES (277, 'Jastrzębie-Zdrój', 12);
INSERT INTO local_attractions.districts (id, name, province_id) VALUES (278, 'Jaworzno', 12);
INSERT INTO local_attractions.districts (id, name, province_id) VALUES (279, 'Katowice', 12);
INSERT INTO local_attractions.districts (id, name, province_id) VALUES (280, 'Mysłowice', 12);
INSERT INTO local_attractions.districts (id, name, province_id) VALUES (281, 'Piekary Śląskie', 12);
INSERT INTO local_attractions.districts (id, name, province_id) VALUES (282, 'Ruda Śląska', 12);
INSERT INTO local_attractions.districts (id, name, province_id) VALUES (283, 'Rybnik', 12);
INSERT INTO local_attractions.districts (id, name, province_id) VALUES (284, 'Siemianowice Śląskie', 12);
INSERT INTO local_attractions.districts (id, name, province_id) VALUES (285, 'Sosnowiec', 12);
INSERT INTO local_attractions.districts (id, name, province_id) VALUES (286, 'Świętochłowice', 12);
INSERT INTO local_attractions.districts (id, name, province_id) VALUES (287, 'Tychy', 12);
INSERT INTO local_attractions.districts (id, name, province_id) VALUES (288, 'Zabrze', 12);
INSERT INTO local_attractions.districts (id, name, province_id) VALUES (289, 'Żory', 12);
INSERT INTO local_attractions.districts (id, name, province_id) VALUES (290, 'buski', 13);
INSERT INTO local_attractions.districts (id, name, province_id) VALUES (291, 'jędrzejowski', 13);
INSERT INTO local_attractions.districts (id, name, province_id) VALUES (292, 'kazimierski', 13);
INSERT INTO local_attractions.districts (id, name, province_id) VALUES (293, 'kielecki', 13);
INSERT INTO local_attractions.districts (id, name, province_id) VALUES (294, 'konecki', 13);
INSERT INTO local_attractions.districts (id, name, province_id) VALUES (295, 'opatowski', 13);
INSERT INTO local_attractions.districts (id, name, province_id) VALUES (296, 'ostrowiecki', 13);
INSERT INTO local_attractions.districts (id, name, province_id) VALUES (297, 'pińczowski', 13);
INSERT INTO local_attractions.districts (id, name, province_id) VALUES (298, 'sandomierski', 13);
INSERT INTO local_attractions.districts (id, name, province_id) VALUES (299, 'skarżyski', 13);
INSERT INTO local_attractions.districts (id, name, province_id) VALUES (300, 'starachowicki', 13);
INSERT INTO local_attractions.districts (id, name, province_id) VALUES (301, 'staszowski', 13);
INSERT INTO local_attractions.districts (id, name, province_id) VALUES (302, 'włoszczowski', 13);
INSERT INTO local_attractions.districts (id, name, province_id) VALUES (303, 'Kielce', 13);
INSERT INTO local_attractions.districts (id, name, province_id) VALUES (304, 'bartoszycki', 14);
INSERT INTO local_attractions.districts (id, name, province_id) VALUES (305, 'braniewski', 14);
INSERT INTO local_attractions.districts (id, name, province_id) VALUES (306, 'działdowski', 14);
INSERT INTO local_attractions.districts (id, name, province_id) VALUES (307, 'elbląski', 14);
INSERT INTO local_attractions.districts (id, name, province_id) VALUES (308, 'ełcki', 14);
INSERT INTO local_attractions.districts (id, name, province_id) VALUES (309, 'giżycki', 14);
INSERT INTO local_attractions.districts (id, name, province_id) VALUES (310, 'iławski', 14);
INSERT INTO local_attractions.districts (id, name, province_id) VALUES (311, 'kętrzyński', 14);
INSERT INTO local_attractions.districts (id, name, province_id) VALUES (312, 'lidzbarski', 14);
INSERT INTO local_attractions.districts (id, name, province_id) VALUES (313, 'mrągowski', 14);
INSERT INTO local_attractions.districts (id, name, province_id) VALUES (314, 'nidzicki', 14);
INSERT INTO local_attractions.districts (id, name, province_id) VALUES (315, 'nowomiejski', 14);
INSERT INTO local_attractions.districts (id, name, province_id) VALUES (316, 'olecki', 14);
INSERT INTO local_attractions.districts (id, name, province_id) VALUES (317, 'olsztyński', 14);
INSERT INTO local_attractions.districts (id, name, province_id) VALUES (318, 'ostródzki', 14);
INSERT INTO local_attractions.districts (id, name, province_id) VALUES (319, 'piski', 14);
INSERT INTO local_attractions.districts (id, name, province_id) VALUES (320, 'szczycieński', 14);
INSERT INTO local_attractions.districts (id, name, province_id) VALUES (321, 'gołdapski', 14);
INSERT INTO local_attractions.districts (id, name, province_id) VALUES (322, 'węgorzewski', 14);
INSERT INTO local_attractions.districts (id, name, province_id) VALUES (323, 'Elbląg', 14);
INSERT INTO local_attractions.districts (id, name, province_id) VALUES (324, 'Olsztyn', 14);
INSERT INTO local_attractions.districts (id, name, province_id) VALUES (325, 'chodzieski', 15);
INSERT INTO local_attractions.districts (id, name, province_id) VALUES (326, 'czarnkowsko-trzcianecki', 15);
INSERT INTO local_attractions.districts (id, name, province_id) VALUES (327, 'gnieźnieński', 15);
INSERT INTO local_attractions.districts (id, name, province_id) VALUES (328, 'gostyński', 15);
INSERT INTO local_attractions.districts (id, name, province_id) VALUES (329, 'grodziski', 15);
INSERT INTO local_attractions.districts (id, name, province_id) VALUES (330, 'jarociński', 15);
INSERT INTO local_attractions.districts (id, name, province_id) VALUES (331, 'kaliski', 15);
INSERT INTO local_attractions.districts (id, name, province_id) VALUES (332, 'kępiński', 15);
INSERT INTO local_attractions.districts (id, name, province_id) VALUES (333, 'kolski', 15);
INSERT INTO local_attractions.districts (id, name, province_id) VALUES (334, 'koniński', 15);
INSERT INTO local_attractions.districts (id, name, province_id) VALUES (335, 'kościański', 15);
INSERT INTO local_attractions.districts (id, name, province_id) VALUES (336, 'krotoszyński', 15);
INSERT INTO local_attractions.districts (id, name, province_id) VALUES (337, 'leszczyński', 15);
INSERT INTO local_attractions.districts (id, name, province_id) VALUES (338, 'międzychodzki', 15);
INSERT INTO local_attractions.districts (id, name, province_id) VALUES (339, 'nowotomyski', 15);
INSERT INTO local_attractions.districts (id, name, province_id) VALUES (340, 'obornicki', 15);
INSERT INTO local_attractions.districts (id, name, province_id) VALUES (341, 'ostrowski', 15);
INSERT INTO local_attractions.districts (id, name, province_id) VALUES (342, 'ostrzeszowski', 15);
INSERT INTO local_attractions.districts (id, name, province_id) VALUES (343, 'pilski', 15);
INSERT INTO local_attractions.districts (id, name, province_id) VALUES (344, 'pleszewski', 15);
INSERT INTO local_attractions.districts (id, name, province_id) VALUES (345, 'poznański', 15);
INSERT INTO local_attractions.districts (id, name, province_id) VALUES (346, 'rawicki', 15);
INSERT INTO local_attractions.districts (id, name, province_id) VALUES (347, 'słupecki', 15);
INSERT INTO local_attractions.districts (id, name, province_id) VALUES (348, 'szamotulski', 15);
INSERT INTO local_attractions.districts (id, name, province_id) VALUES (349, 'średzki', 15);
INSERT INTO local_attractions.districts (id, name, province_id) VALUES (350, 'śremski', 15);
INSERT INTO local_attractions.districts (id, name, province_id) VALUES (351, 'turecki', 15);
INSERT INTO local_attractions.districts (id, name, province_id) VALUES (352, 'wągrowiecki', 15);
INSERT INTO local_attractions.districts (id, name, province_id) VALUES (353, 'wolsztyński', 15);
INSERT INTO local_attractions.districts (id, name, province_id) VALUES (354, 'wrzesiński', 15);
INSERT INTO local_attractions.districts (id, name, province_id) VALUES (355, 'złotowski', 15);
INSERT INTO local_attractions.districts (id, name, province_id) VALUES (356, 'Kalisz', 15);
INSERT INTO local_attractions.districts (id, name, province_id) VALUES (357, 'Konin', 15);
INSERT INTO local_attractions.districts (id, name, province_id) VALUES (358, 'Leszno', 15);
INSERT INTO local_attractions.districts (id, name, province_id) VALUES (359, 'Poznań', 15);
INSERT INTO local_attractions.districts (id, name, province_id) VALUES (360, 'białogardzki', 16);
INSERT INTO local_attractions.districts (id, name, province_id) VALUES (361, 'choszczeński', 16);
INSERT INTO local_attractions.districts (id, name, province_id) VALUES (362, 'drawski', 16);
INSERT INTO local_attractions.districts (id, name, province_id) VALUES (363, 'goleniowski', 16);
INSERT INTO local_attractions.districts (id, name, province_id) VALUES (364, 'gryficki', 16);
INSERT INTO local_attractions.districts (id, name, province_id) VALUES (365, 'gryfiński', 16);
INSERT INTO local_attractions.districts (id, name, province_id) VALUES (366, 'kamieński', 16);
INSERT INTO local_attractions.districts (id, name, province_id) VALUES (367, 'kołobrzeski', 16);
INSERT INTO local_attractions.districts (id, name, province_id) VALUES (368, 'koszaliński', 16);
INSERT INTO local_attractions.districts (id, name, province_id) VALUES (369, 'myśliborski', 16);
INSERT INTO local_attractions.districts (id, name, province_id) VALUES (370, 'policki', 16);
INSERT INTO local_attractions.districts (id, name, province_id) VALUES (371, 'pyrzycki', 16);
INSERT INTO local_attractions.districts (id, name, province_id) VALUES (372, 'sławieński', 16);
INSERT INTO local_attractions.districts (id, name, province_id) VALUES (373, 'stargardzki', 16);
INSERT INTO local_attractions.districts (id, name, province_id) VALUES (374, 'szczecinecki', 16);
INSERT INTO local_attractions.districts (id, name, province_id) VALUES (375, 'świdwiński', 16);
INSERT INTO local_attractions.districts (id, name, province_id) VALUES (376, 'wałecki', 16);
INSERT INTO local_attractions.districts (id, name, province_id) VALUES (377, 'łobeski', 16);
INSERT INTO local_attractions.districts (id, name, province_id) VALUES (378, 'Koszalin', 16);
INSERT INTO local_attractions.districts (id, name, province_id) VALUES (379, 'Szczecin', 16);
INSERT INTO local_attractions.districts (id, name, province_id) VALUES (380, 'Świnoujście', 16);

INSERT INTO local_attractions.communes (id, name, district_id, province_id) VALUES (1, 'Białobrzegi', 138, 7);
INSERT INTO local_attractions.communes (id, name, district_id, province_id) VALUES (2, 'Promna', 138, 7);
INSERT INTO local_attractions.communes (id, name, district_id, province_id) VALUES (3, 'Radzanów', 138, 7);
INSERT INTO local_attractions.communes (id, name, district_id, province_id) VALUES (4, 'Stara Błotnica', 138, 7);
INSERT INTO local_attractions.communes (id, name, district_id, province_id) VALUES (5, 'Stromiec', 138, 7);
INSERT INTO local_attractions.communes (id, name, district_id, province_id) VALUES (6, 'Wyśmierzyce', 138, 7);
INSERT INTO local_attractions.communes (id, name, district_id, province_id) VALUES (7, 'Ciechanów', 139, 7);
INSERT INTO local_attractions.communes (id, name, district_id, province_id) VALUES (8, 'Glinojeck', 139, 7);
INSERT INTO local_attractions.communes (id, name, district_id, province_id) VALUES (9, 'Gołymin-Ośrodek', 139, 7);
INSERT INTO local_attractions.communes (id, name, district_id, province_id) VALUES (10, 'Grudusk', 139, 7);
INSERT INTO local_attractions.communes (id, name, district_id, province_id) VALUES (11, 'Ojrzeń', 139, 7);
INSERT INTO local_attractions.communes (id, name, district_id, province_id) VALUES (12, 'Opinogóra Górna', 139, 7);
INSERT INTO local_attractions.communes (id, name, district_id, province_id) VALUES (13, 'Regimin', 139, 7);
INSERT INTO local_attractions.communes (id, name, district_id, province_id) VALUES (14, 'Sońsk', 139, 7);
INSERT INTO local_attractions.communes (id, name, district_id, province_id) VALUES (15, 'Borowie', 140, 7);
INSERT INTO local_attractions.communes (id, name, district_id, province_id) VALUES (16, 'Garwolin', 140, 7);
INSERT INTO local_attractions.communes (id, name, district_id, province_id) VALUES (17, 'Górzno', 140, 7);
INSERT INTO local_attractions.communes (id, name, district_id, province_id) VALUES (18, 'Łaskarzew', 140, 7);
INSERT INTO local_attractions.communes (id, name, district_id, province_id) VALUES (19, 'Maciejowice', 140, 7);
INSERT INTO local_attractions.communes (id, name, district_id, province_id) VALUES (20, 'Miastków Kościelny', 140, 7);
INSERT INTO local_attractions.communes (id, name, district_id, province_id) VALUES (21, 'Parysów', 140, 7);
INSERT INTO local_attractions.communes (id, name, district_id, province_id) VALUES (22, 'Pilawa', 140, 7);
INSERT INTO local_attractions.communes (id, name, district_id, province_id) VALUES (23, 'Sobolew', 140, 7);
INSERT INTO local_attractions.communes (id, name, district_id, province_id) VALUES (24, 'Trojanów', 140, 7);
INSERT INTO local_attractions.communes (id, name, district_id, province_id) VALUES (25, 'Wilga', 140, 7);
INSERT INTO local_attractions.communes (id, name, district_id, province_id) VALUES (26, 'Żelechów', 140, 7);
INSERT INTO local_attractions.communes (id, name, district_id, province_id) VALUES (27, 'Gostynin', 141, 7);
INSERT INTO local_attractions.communes (id, name, district_id, province_id) VALUES (28, 'Pacyna', 141, 7);
INSERT INTO local_attractions.communes (id, name, district_id, province_id) VALUES (29, 'Sanniki', 141, 7);
INSERT INTO local_attractions.communes (id, name, district_id, province_id) VALUES (30, 'Szczawin Kościelny', 141, 7);
INSERT INTO local_attractions.communes (id, name, district_id, province_id) VALUES (31, 'Baranów', 142, 7);
INSERT INTO local_attractions.communes (id, name, district_id, province_id) VALUES (32, 'Grodzisk Mazowiecki', 142, 7);
INSERT INTO local_attractions.communes (id, name, district_id, province_id) VALUES (33, 'Jaktorów', 142, 7);
INSERT INTO local_attractions.communes (id, name, district_id, province_id) VALUES (34, 'Milanówek', 142, 7);
INSERT INTO local_attractions.communes (id, name, district_id, province_id) VALUES (35, 'Podkowa Leśna', 142, 7);
INSERT INTO local_attractions.communes (id, name, district_id, province_id) VALUES (36, 'Żabia Wola', 142, 7);
INSERT INTO local_attractions.communes (id, name, district_id, province_id) VALUES (37, 'Belsk Duży', 143, 7);
INSERT INTO local_attractions.communes (id, name, district_id, province_id) VALUES (38, 'Błędów', 143, 7);
INSERT INTO local_attractions.communes (id, name, district_id, province_id) VALUES (39, 'Chynów', 143, 7);
INSERT INTO local_attractions.communes (id, name, district_id, province_id) VALUES (40, 'Goszczyn', 143, 7);
INSERT INTO local_attractions.communes (id, name, district_id, province_id) VALUES (41, 'Grójec', 143, 7);
INSERT INTO local_attractions.communes (id, name, district_id, province_id) VALUES (42, 'Jasieniec', 143, 7);
INSERT INTO local_attractions.communes (id, name, district_id, province_id) VALUES (43, 'Mogielnica', 143, 7);
INSERT INTO local_attractions.communes (id, name, district_id, province_id) VALUES (44, 'Nowe Miasto nad Pilicą', 143, 7);
INSERT INTO local_attractions.communes (id, name, district_id, province_id) VALUES (45, 'Pniewy', 143, 7);
INSERT INTO local_attractions.communes (id, name, district_id, province_id) VALUES (46, 'Warka', 143, 7);
INSERT INTO local_attractions.communes (id, name, district_id, province_id) VALUES (47, 'Garbatka-Letnisko', 144, 7);
INSERT INTO local_attractions.communes (id, name, district_id, province_id) VALUES (48, 'Głowaczów', 144, 7);
INSERT INTO local_attractions.communes (id, name, district_id, province_id) VALUES (49, 'Gniewoszów', 144, 7);
INSERT INTO local_attractions.communes (id, name, district_id, province_id) VALUES (50, 'Grabów nad Pilicą', 144, 7);
INSERT INTO local_attractions.communes (id, name, district_id, province_id) VALUES (51, 'Kozienice', 144, 7);
INSERT INTO local_attractions.communes (id, name, district_id, province_id) VALUES (52, 'Magnuszew', 144, 7);
INSERT INTO local_attractions.communes (id, name, district_id, province_id) VALUES (53, 'Sieciechów', 144, 7);
INSERT INTO local_attractions.communes (id, name, district_id, province_id) VALUES (54, 'Jabłonna', 145, 7);
INSERT INTO local_attractions.communes (id, name, district_id, province_id) VALUES (55, 'Legionowo', 145, 7);
INSERT INTO local_attractions.communes (id, name, district_id, province_id) VALUES (56, 'Nieporęt', 145, 7);
INSERT INTO local_attractions.communes (id, name, district_id, province_id) VALUES (57, 'Serock', 145, 7);
INSERT INTO local_attractions.communes (id, name, district_id, province_id) VALUES (58, 'Wieliszew', 145, 7);
INSERT INTO local_attractions.communes (id, name, district_id, province_id) VALUES (59, 'Chotcza', 146, 7);
INSERT INTO local_attractions.communes (id, name, district_id, province_id) VALUES (60, 'Ciepielów', 146, 7);
INSERT INTO local_attractions.communes (id, name, district_id, province_id) VALUES (61, 'Lipsko', 146, 7);
INSERT INTO local_attractions.communes (id, name, district_id, province_id) VALUES (62, 'Rzeczniów', 146, 7);
INSERT INTO local_attractions.communes (id, name, district_id, province_id) VALUES (63, 'Sienno', 146, 7);
INSERT INTO local_attractions.communes (id, name, district_id, province_id) VALUES (64, 'Solec nad Wisłą', 146, 7);
INSERT INTO local_attractions.communes (id, name, district_id, province_id) VALUES (65, 'Huszlew', 147, 7);
INSERT INTO local_attractions.communes (id, name, district_id, province_id) VALUES (66, 'Łosice', 147, 7);
INSERT INTO local_attractions.communes (id, name, district_id, province_id) VALUES (67, 'Olszanka', 147, 7);
INSERT INTO local_attractions.communes (id, name, district_id, province_id) VALUES (68, 'Platerów', 147, 7);
INSERT INTO local_attractions.communes (id, name, district_id, province_id) VALUES (69, 'Sarnaki', 147, 7);
INSERT INTO local_attractions.communes (id, name, district_id, province_id) VALUES (70, 'Stara Kornica', 147, 7);
INSERT INTO local_attractions.communes (id, name, district_id, province_id) VALUES (71, 'Czerwonka', 148, 7);
INSERT INTO local_attractions.communes (id, name, district_id, province_id) VALUES (72, 'Karniewo', 148, 7);
INSERT INTO local_attractions.communes (id, name, district_id, province_id) VALUES (73, 'Krasnosielc', 148, 7);
INSERT INTO local_attractions.communes (id, name, district_id, province_id) VALUES (74, 'Maków Mazowiecki', 148, 7);
INSERT INTO local_attractions.communes (id, name, district_id, province_id) VALUES (75, 'Młynarze', 148, 7);
INSERT INTO local_attractions.communes (id, name, district_id, province_id) VALUES (76, 'Płoniawy-Bramura', 148, 7);
INSERT INTO local_attractions.communes (id, name, district_id, province_id) VALUES (77, 'Różan', 148, 7);
INSERT INTO local_attractions.communes (id, name, district_id, province_id) VALUES (78, 'Rzewnie', 148, 7);
INSERT INTO local_attractions.communes (id, name, district_id, province_id) VALUES (79, 'Sypniewo', 148, 7);
INSERT INTO local_attractions.communes (id, name, district_id, province_id) VALUES (80, 'Szelków', 148, 7);
INSERT INTO local_attractions.communes (id, name, district_id, province_id) VALUES (81, 'Cegłów', 149, 7);
INSERT INTO local_attractions.communes (id, name, district_id, province_id) VALUES (82, 'Dębe Wielkie', 149, 7);
INSERT INTO local_attractions.communes (id, name, district_id, province_id) VALUES (83, 'Dobre', 149, 7);
INSERT INTO local_attractions.communes (id, name, district_id, province_id) VALUES (84, 'Halinów', 149, 7);
INSERT INTO local_attractions.communes (id, name, district_id, province_id) VALUES (85, 'Jakubów', 149, 7);
INSERT INTO local_attractions.communes (id, name, district_id, province_id) VALUES (86, 'Kałuszyn', 149, 7);
INSERT INTO local_attractions.communes (id, name, district_id, province_id) VALUES (87, 'Latowicz', 149, 7);
INSERT INTO local_attractions.communes (id, name, district_id, province_id) VALUES (88, 'Mińsk Mazowiecki', 149, 7);
INSERT INTO local_attractions.communes (id, name, district_id, province_id) VALUES (89, 'Mrozy', 149, 7);
INSERT INTO local_attractions.communes (id, name, district_id, province_id) VALUES (90, 'Siennica', 149, 7);
INSERT INTO local_attractions.communes (id, name, district_id, province_id) VALUES (91, 'Stanisławów', 149, 7);
INSERT INTO local_attractions.communes (id, name, district_id, province_id) VALUES (92, 'Sulejówek', 149, 7);
INSERT INTO local_attractions.communes (id, name, district_id, province_id) VALUES (93, 'Dzierzgowo', 150, 7);
INSERT INTO local_attractions.communes (id, name, district_id, province_id) VALUES (94, 'Lipowiec Kościelny', 150, 7);
INSERT INTO local_attractions.communes (id, name, district_id, province_id) VALUES (95, 'Mława', 150, 7);
INSERT INTO local_attractions.communes (id, name, district_id, province_id) VALUES (96, 'Radzanów', 150, 7);
INSERT INTO local_attractions.communes (id, name, district_id, province_id) VALUES (97, 'Strzegowo', 150, 7);
INSERT INTO local_attractions.communes (id, name, district_id, province_id) VALUES (98, 'Stupsk', 150, 7);
INSERT INTO local_attractions.communes (id, name, district_id, province_id) VALUES (99, 'Szreńsk', 150, 7);
INSERT INTO local_attractions.communes (id, name, district_id, province_id) VALUES (100, 'Szydłowo', 150, 7);
INSERT INTO local_attractions.communes (id, name, district_id, province_id) VALUES (101, 'Wieczfnia Kościelna', 150, 7);
INSERT INTO local_attractions.communes (id, name, district_id, province_id) VALUES (102, 'Wiśniewo', 150, 7);
INSERT INTO local_attractions.communes (id, name, district_id, province_id) VALUES (103, 'Czosnów', 151, 7);
INSERT INTO local_attractions.communes (id, name, district_id, province_id) VALUES (104, 'Leoncin', 151, 7);
INSERT INTO local_attractions.communes (id, name, district_id, province_id) VALUES (105, 'Nasielsk', 151, 7);
INSERT INTO local_attractions.communes (id, name, district_id, province_id) VALUES (106, 'Nowy Dwór Mazowiecki', 151, 7);
INSERT INTO local_attractions.communes (id, name, district_id, province_id) VALUES (107, 'Pomiechówek', 151, 7);
INSERT INTO local_attractions.communes (id, name, district_id, province_id) VALUES (108, 'Zakroczym', 151, 7);
INSERT INTO local_attractions.communes (id, name, district_id, province_id) VALUES (109, 'Baranowo', 152, 7);
INSERT INTO local_attractions.communes (id, name, district_id, province_id) VALUES (110, 'Czarnia', 152, 7);
INSERT INTO local_attractions.communes (id, name, district_id, province_id) VALUES (111, 'Czerwin', 152, 7);
INSERT INTO local_attractions.communes (id, name, district_id, province_id) VALUES (112, 'Goworowo', 152, 7);
INSERT INTO local_attractions.communes (id, name, district_id, province_id) VALUES (113, 'Kadzidło', 152, 7);
INSERT INTO local_attractions.communes (id, name, district_id, province_id) VALUES (114, 'Lelis', 152, 7);
INSERT INTO local_attractions.communes (id, name, district_id, province_id) VALUES (115, 'Łyse', 152, 7);
INSERT INTO local_attractions.communes (id, name, district_id, province_id) VALUES (116, 'Myszyniec', 152, 7);
INSERT INTO local_attractions.communes (id, name, district_id, province_id) VALUES (117, 'Olszewo-Borki', 152, 7);
INSERT INTO local_attractions.communes (id, name, district_id, province_id) VALUES (118, 'Rzekuń', 152, 7);
INSERT INTO local_attractions.communes (id, name, district_id, province_id) VALUES (119, 'Troszyn', 152, 7);
INSERT INTO local_attractions.communes (id, name, district_id, province_id) VALUES (120, 'Andrzejewo', 153, 7);
INSERT INTO local_attractions.communes (id, name, district_id, province_id) VALUES (121, 'Boguty-Pianki', 153, 7);
INSERT INTO local_attractions.communes (id, name, district_id, province_id) VALUES (122, 'Brok', 153, 7);
INSERT INTO local_attractions.communes (id, name, district_id, province_id) VALUES (123, 'Małkinia Górna', 153, 7);
INSERT INTO local_attractions.communes (id, name, district_id, province_id) VALUES (124, 'Nur', 153, 7);
INSERT INTO local_attractions.communes (id, name, district_id, province_id) VALUES (125, 'Ostrów Mazowiecka', 153, 7);
INSERT INTO local_attractions.communes (id, name, district_id, province_id) VALUES (126, 'Stary Lubotyń', 153, 7);
INSERT INTO local_attractions.communes (id, name, district_id, province_id) VALUES (127, 'Szulborze Wielkie', 153, 7);
INSERT INTO local_attractions.communes (id, name, district_id, province_id) VALUES (128, 'Wąsewo', 153, 7);
INSERT INTO local_attractions.communes (id, name, district_id, province_id) VALUES (129, 'Zaręby Kościelne', 153, 7);
INSERT INTO local_attractions.communes (id, name, district_id, province_id) VALUES (130, 'Celestynów', 154, 7);
INSERT INTO local_attractions.communes (id, name, district_id, province_id) VALUES (131, 'Józefów', 154, 7);
INSERT INTO local_attractions.communes (id, name, district_id, province_id) VALUES (132, 'Karczew', 154, 7);
INSERT INTO local_attractions.communes (id, name, district_id, province_id) VALUES (133, 'Kołbiel', 154, 7);
INSERT INTO local_attractions.communes (id, name, district_id, province_id) VALUES (134, 'Osieck', 154, 7);
INSERT INTO local_attractions.communes (id, name, district_id, province_id) VALUES (135, 'Otwock', 154, 7);
INSERT INTO local_attractions.communes (id, name, district_id, province_id) VALUES (136, 'Sobienie-Jeziory', 154, 7);
INSERT INTO local_attractions.communes (id, name, district_id, province_id) VALUES (137, 'Wiązowna', 154, 7);
INSERT INTO local_attractions.communes (id, name, district_id, province_id) VALUES (138, 'Góra Kalwaria', 155, 7);
INSERT INTO local_attractions.communes (id, name, district_id, province_id) VALUES (139, 'Konstancin-Jeziorna', 155, 7);
INSERT INTO local_attractions.communes (id, name, district_id, province_id) VALUES (140, 'Lesznowola', 155, 7);
INSERT INTO local_attractions.communes (id, name, district_id, province_id) VALUES (141, 'Piaseczno', 155, 7);
INSERT INTO local_attractions.communes (id, name, district_id, province_id) VALUES (142, 'Prażmów', 155, 7);
INSERT INTO local_attractions.communes (id, name, district_id, province_id) VALUES (143, 'Tarczyn', 155, 7);
INSERT INTO local_attractions.communes (id, name, district_id, province_id) VALUES (144, 'Bielsk', 156, 7);
INSERT INTO local_attractions.communes (id, name, district_id, province_id) VALUES (145, 'Bodzanów', 156, 7);
INSERT INTO local_attractions.communes (id, name, district_id, province_id) VALUES (146, 'Brudzeń Duży', 156, 7);
INSERT INTO local_attractions.communes (id, name, district_id, province_id) VALUES (147, 'Bulkowo', 156, 7);
INSERT INTO local_attractions.communes (id, name, district_id, province_id) VALUES (148, 'Drobin', 156, 7);
INSERT INTO local_attractions.communes (id, name, district_id, province_id) VALUES (149, 'Gąbin', 156, 7);
INSERT INTO local_attractions.communes (id, name, district_id, province_id) VALUES (150, 'Łąck', 156, 7);
INSERT INTO local_attractions.communes (id, name, district_id, province_id) VALUES (151, 'Mała Wieś', 156, 7);
INSERT INTO local_attractions.communes (id, name, district_id, province_id) VALUES (152, 'Nowy Duninów', 156, 7);
INSERT INTO local_attractions.communes (id, name, district_id, province_id) VALUES (153, 'Radzanowo', 156, 7);
INSERT INTO local_attractions.communes (id, name, district_id, province_id) VALUES (154, 'Słubice', 156, 7);
INSERT INTO local_attractions.communes (id, name, district_id, province_id) VALUES (155, 'Słupno', 156, 7);
INSERT INTO local_attractions.communes (id, name, district_id, province_id) VALUES (156, 'Stara Biała', 156, 7);
INSERT INTO local_attractions.communes (id, name, district_id, province_id) VALUES (157, 'Staroźreby', 156, 7);
INSERT INTO local_attractions.communes (id, name, district_id, province_id) VALUES (158, 'Wyszogród', 156, 7);
INSERT INTO local_attractions.communes (id, name, district_id, province_id) VALUES (159, 'Baboszewo', 157, 7);
INSERT INTO local_attractions.communes (id, name, district_id, province_id) VALUES (160, 'Czerwińsk nad Wisłą', 157, 7);
INSERT INTO local_attractions.communes (id, name, district_id, province_id) VALUES (161, 'Dzierzążnia', 157, 7);
INSERT INTO local_attractions.communes (id, name, district_id, province_id) VALUES (162, 'Joniec', 157, 7);
INSERT INTO local_attractions.communes (id, name, district_id, province_id) VALUES (163, 'Naruszewo', 157, 7);
INSERT INTO local_attractions.communes (id, name, district_id, province_id) VALUES (164, 'Nowe Miasto', 157, 7);
INSERT INTO local_attractions.communes (id, name, district_id, province_id) VALUES (165, 'Płońsk', 157, 7);
INSERT INTO local_attractions.communes (id, name, district_id, province_id) VALUES (166, 'Raciąż', 157, 7);
INSERT INTO local_attractions.communes (id, name, district_id, province_id) VALUES (167, 'Sochocin', 157, 7);
INSERT INTO local_attractions.communes (id, name, district_id, province_id) VALUES (168, 'Załuski', 157, 7);
INSERT INTO local_attractions.communes (id, name, district_id, province_id) VALUES (169, 'Brwinów', 158, 7);
INSERT INTO local_attractions.communes (id, name, district_id, province_id) VALUES (170, 'Michałowice', 158, 7);
INSERT INTO local_attractions.communes (id, name, district_id, province_id) VALUES (171, 'Nadarzyn', 158, 7);
INSERT INTO local_attractions.communes (id, name, district_id, province_id) VALUES (172, 'Piastów', 158, 7);
INSERT INTO local_attractions.communes (id, name, district_id, province_id) VALUES (173, 'Pruszków', 158, 7);
INSERT INTO local_attractions.communes (id, name, district_id, province_id) VALUES (174, 'Raszyn', 158, 7);
INSERT INTO local_attractions.communes (id, name, district_id, province_id) VALUES (175, 'Chorzele', 159, 7);
INSERT INTO local_attractions.communes (id, name, district_id, province_id) VALUES (176, 'Czernice Borowe', 159, 7);
INSERT INTO local_attractions.communes (id, name, district_id, province_id) VALUES (177, 'Jednorożec', 159, 7);
INSERT INTO local_attractions.communes (id, name, district_id, province_id) VALUES (178, 'Krasne', 159, 7);
INSERT INTO local_attractions.communes (id, name, district_id, province_id) VALUES (179, 'Krzynowłoga Mała', 159, 7);
INSERT INTO local_attractions.communes (id, name, district_id, province_id) VALUES (180, 'Przasnysz', 159, 7);
INSERT INTO local_attractions.communes (id, name, district_id, province_id) VALUES (181, 'Borkowice', 160, 7);
INSERT INTO local_attractions.communes (id, name, district_id, province_id) VALUES (182, 'Gielniów', 160, 7);
INSERT INTO local_attractions.communes (id, name, district_id, province_id) VALUES (183, 'Klwów', 160, 7);
INSERT INTO local_attractions.communes (id, name, district_id, province_id) VALUES (184, 'Odrzywół', 160, 7);
INSERT INTO local_attractions.communes (id, name, district_id, province_id) VALUES (185, 'Potworów', 160, 7);
INSERT INTO local_attractions.communes (id, name, district_id, province_id) VALUES (186, 'Przysucha', 160, 7);
INSERT INTO local_attractions.communes (id, name, district_id, province_id) VALUES (187, 'Rusinów', 160, 7);
INSERT INTO local_attractions.communes (id, name, district_id, province_id) VALUES (188, 'Wieniawa', 160, 7);
INSERT INTO local_attractions.communes (id, name, district_id, province_id) VALUES (189, 'Gzy', 161, 7);
INSERT INTO local_attractions.communes (id, name, district_id, province_id) VALUES (190, 'Obryte', 161, 7);
INSERT INTO local_attractions.communes (id, name, district_id, province_id) VALUES (191, 'Pokrzywnica', 161, 7);
INSERT INTO local_attractions.communes (id, name, district_id, province_id) VALUES (192, 'Pułtusk', 161, 7);
INSERT INTO local_attractions.communes (id, name, district_id, province_id) VALUES (193, 'Świercze', 161, 7);
INSERT INTO local_attractions.communes (id, name, district_id, province_id) VALUES (194, 'Winnica', 161, 7);
INSERT INTO local_attractions.communes (id, name, district_id, province_id) VALUES (195, 'Zatory', 161, 7);
INSERT INTO local_attractions.communes (id, name, district_id, province_id) VALUES (196, 'Gózd', 162, 7);
INSERT INTO local_attractions.communes (id, name, district_id, province_id) VALUES (197, 'Iłża', 162, 7);
INSERT INTO local_attractions.communes (id, name, district_id, province_id) VALUES (198, 'Jastrzębia', 162, 7);
INSERT INTO local_attractions.communes (id, name, district_id, province_id) VALUES (199, 'Jedlińsk', 162, 7);
INSERT INTO local_attractions.communes (id, name, district_id, province_id) VALUES (200, 'Jedlnia-Letnisko', 162, 7);
INSERT INTO local_attractions.communes (id, name, district_id, province_id) VALUES (201, 'Kowala', 162, 7);
INSERT INTO local_attractions.communes (id, name, district_id, province_id) VALUES (202, 'Pionki', 162, 7);
INSERT INTO local_attractions.communes (id, name, district_id, province_id) VALUES (203, 'Przytyk', 162, 7);
INSERT INTO local_attractions.communes (id, name, district_id, province_id) VALUES (204, 'Skaryszew', 162, 7);
INSERT INTO local_attractions.communes (id, name, district_id, province_id) VALUES (205, 'Wierzbica', 162, 7);
INSERT INTO local_attractions.communes (id, name, district_id, province_id) VALUES (206, 'Wolanów', 162, 7);
INSERT INTO local_attractions.communes (id, name, district_id, province_id) VALUES (207, 'Zakrzew', 162, 7);
INSERT INTO local_attractions.communes (id, name, district_id, province_id) VALUES (208, 'Domanice', 163, 7);
INSERT INTO local_attractions.communes (id, name, district_id, province_id) VALUES (209, 'Korczew', 163, 7);
INSERT INTO local_attractions.communes (id, name, district_id, province_id) VALUES (210, 'Kotuń', 163, 7);
INSERT INTO local_attractions.communes (id, name, district_id, province_id) VALUES (211, 'Mokobody', 163, 7);
INSERT INTO local_attractions.communes (id, name, district_id, province_id) VALUES (212, 'Mordy', 163, 7);
INSERT INTO local_attractions.communes (id, name, district_id, province_id) VALUES (213, 'Paprotnia', 163, 7);
INSERT INTO local_attractions.communes (id, name, district_id, province_id) VALUES (214, 'Przesmyki', 163, 7);
INSERT INTO local_attractions.communes (id, name, district_id, province_id) VALUES (215, 'Siedlce', 163, 7);
INSERT INTO local_attractions.communes (id, name, district_id, province_id) VALUES (216, 'Skórzec', 163, 7);
INSERT INTO local_attractions.communes (id, name, district_id, province_id) VALUES (217, 'Suchożebry', 163, 7);
INSERT INTO local_attractions.communes (id, name, district_id, province_id) VALUES (218, 'Wiśniew', 163, 7);
INSERT INTO local_attractions.communes (id, name, district_id, province_id) VALUES (219, 'Wodynie', 163, 7);
INSERT INTO local_attractions.communes (id, name, district_id, province_id) VALUES (220, 'Zbuczyn', 163, 7);
INSERT INTO local_attractions.communes (id, name, district_id, province_id) VALUES (221, 'Gozdowo', 164, 7);
INSERT INTO local_attractions.communes (id, name, district_id, province_id) VALUES (222, 'Mochowo', 164, 7);
INSERT INTO local_attractions.communes (id, name, district_id, province_id) VALUES (223, 'Rościszewo', 164, 7);
INSERT INTO local_attractions.communes (id, name, district_id, province_id) VALUES (224, 'Sierpc', 164, 7);
INSERT INTO local_attractions.communes (id, name, district_id, province_id) VALUES (225, 'Szczutowo', 164, 7);
INSERT INTO local_attractions.communes (id, name, district_id, province_id) VALUES (226, 'Zawidz', 164, 7);
INSERT INTO local_attractions.communes (id, name, district_id, province_id) VALUES (227, 'Brochów', 165, 7);
INSERT INTO local_attractions.communes (id, name, district_id, province_id) VALUES (228, 'Iłów', 165, 7);
INSERT INTO local_attractions.communes (id, name, district_id, province_id) VALUES (229, 'Młodzieszyn', 165, 7);
INSERT INTO local_attractions.communes (id, name, district_id, province_id) VALUES (230, 'Nowa Sucha', 165, 7);
INSERT INTO local_attractions.communes (id, name, district_id, province_id) VALUES (231, 'Rybno', 165, 7);
INSERT INTO local_attractions.communes (id, name, district_id, province_id) VALUES (232, 'Sochaczew', 165, 7);
INSERT INTO local_attractions.communes (id, name, district_id, province_id) VALUES (233, 'Teresin', 165, 7);
INSERT INTO local_attractions.communes (id, name, district_id, province_id) VALUES (234, 'Bielany', 166, 7);
INSERT INTO local_attractions.communes (id, name, district_id, province_id) VALUES (235, 'Ceranów', 166, 7);
INSERT INTO local_attractions.communes (id, name, district_id, province_id) VALUES (236, 'Jabłonna Lacka', 166, 7);
INSERT INTO local_attractions.communes (id, name, district_id, province_id) VALUES (237, 'Kosów Lacki', 166, 7);
INSERT INTO local_attractions.communes (id, name, district_id, province_id) VALUES (238, 'Repki', 166, 7);
INSERT INTO local_attractions.communes (id, name, district_id, province_id) VALUES (239, 'Sabnie', 166, 7);
INSERT INTO local_attractions.communes (id, name, district_id, province_id) VALUES (240, 'Sokołów Podlaski', 166, 7);
INSERT INTO local_attractions.communes (id, name, district_id, province_id) VALUES (241, 'Sterdyń', 166, 7);
INSERT INTO local_attractions.communes (id, name, district_id, province_id) VALUES (242, 'Chlewiska', 167, 7);
INSERT INTO local_attractions.communes (id, name, district_id, province_id) VALUES (243, 'Jastrząb', 167, 7);
INSERT INTO local_attractions.communes (id, name, district_id, province_id) VALUES (244, 'Mirów', 167, 7);
INSERT INTO local_attractions.communes (id, name, district_id, province_id) VALUES (245, 'Orońsko', 167, 7);
INSERT INTO local_attractions.communes (id, name, district_id, province_id) VALUES (246, 'Szydłowiec', 167, 7);
INSERT INTO local_attractions.communes (id, name, district_id, province_id) VALUES (247, 'Błonie', 168, 7);
INSERT INTO local_attractions.communes (id, name, district_id, province_id) VALUES (248, 'Izabelin', 168, 7);
INSERT INTO local_attractions.communes (id, name, district_id, province_id) VALUES (249, 'Kampinos', 168, 7);
INSERT INTO local_attractions.communes (id, name, district_id, province_id) VALUES (250, 'Leszno', 168, 7);
INSERT INTO local_attractions.communes (id, name, district_id, province_id) VALUES (251, 'Łomianki', 168, 7);
INSERT INTO local_attractions.communes (id, name, district_id, province_id) VALUES (252, 'Ożarów Mazowiecki', 168, 7);
INSERT INTO local_attractions.communes (id, name, district_id, province_id) VALUES (253, 'Stare Babice', 168, 7);
INSERT INTO local_attractions.communes (id, name, district_id, province_id) VALUES (254, 'Grębków', 169, 7);
INSERT INTO local_attractions.communes (id, name, district_id, province_id) VALUES (255, 'Korytnica', 169, 7);
INSERT INTO local_attractions.communes (id, name, district_id, province_id) VALUES (256, 'Liw', 169, 7);
INSERT INTO local_attractions.communes (id, name, district_id, province_id) VALUES (257, 'Łochów', 169, 7);
INSERT INTO local_attractions.communes (id, name, district_id, province_id) VALUES (258, 'Miedzna', 169, 7);
INSERT INTO local_attractions.communes (id, name, district_id, province_id) VALUES (259, 'Sadowne', 169, 7);
INSERT INTO local_attractions.communes (id, name, district_id, province_id) VALUES (260, 'Stoczek', 169, 7);
INSERT INTO local_attractions.communes (id, name, district_id, province_id) VALUES (261, 'Węgrów', 169, 7);
INSERT INTO local_attractions.communes (id, name, district_id, province_id) VALUES (262, 'Wierzbno', 169, 7);
INSERT INTO local_attractions.communes (id, name, district_id, province_id) VALUES (263, 'Dąbrówka', 170, 7);
INSERT INTO local_attractions.communes (id, name, district_id, province_id) VALUES (264, 'Jadów', 170, 7);
INSERT INTO local_attractions.communes (id, name, district_id, province_id) VALUES (265, 'Klembów', 170, 7);
INSERT INTO local_attractions.communes (id, name, district_id, province_id) VALUES (266, 'Kobyłka', 170, 7);
INSERT INTO local_attractions.communes (id, name, district_id, province_id) VALUES (267, 'Marki', 170, 7);
INSERT INTO local_attractions.communes (id, name, district_id, province_id) VALUES (268, 'Poświętne', 170, 7);
INSERT INTO local_attractions.communes (id, name, district_id, province_id) VALUES (269, 'Radzymin', 170, 7);
INSERT INTO local_attractions.communes (id, name, district_id, province_id) VALUES (270, 'Strachówka', 170, 7);
INSERT INTO local_attractions.communes (id, name, district_id, province_id) VALUES (271, 'Tłuszcz', 170, 7);
INSERT INTO local_attractions.communes (id, name, district_id, province_id) VALUES (272, 'Wołomin', 170, 7);
INSERT INTO local_attractions.communes (id, name, district_id, province_id) VALUES (273, 'Ząbki', 170, 7);
INSERT INTO local_attractions.communes (id, name, district_id, province_id) VALUES (274, 'Zielonka', 170, 7);
INSERT INTO local_attractions.communes (id, name, district_id, province_id) VALUES (275, 'Brańszczyk', 171, 7);
INSERT INTO local_attractions.communes (id, name, district_id, province_id) VALUES (276, 'Długosiodło', 171, 7);
INSERT INTO local_attractions.communes (id, name, district_id, province_id) VALUES (277, 'Rząśnik', 171, 7);
INSERT INTO local_attractions.communes (id, name, district_id, province_id) VALUES (278, 'Somianka', 171, 7);
INSERT INTO local_attractions.communes (id, name, district_id, province_id) VALUES (279, 'Wyszków', 171, 7);
INSERT INTO local_attractions.communes (id, name, district_id, province_id) VALUES (280, 'Zabrodzie', 171, 7);
INSERT INTO local_attractions.communes (id, name, district_id, province_id) VALUES (281, 'Kazanów', 172, 7);
INSERT INTO local_attractions.communes (id, name, district_id, province_id) VALUES (282, 'Policzna', 172, 7);
INSERT INTO local_attractions.communes (id, name, district_id, province_id) VALUES (283, 'Przyłęk', 172, 7);
INSERT INTO local_attractions.communes (id, name, district_id, province_id) VALUES (284, 'Tczów', 172, 7);
INSERT INTO local_attractions.communes (id, name, district_id, province_id) VALUES (285, 'Zwoleń', 172, 7);
INSERT INTO local_attractions.communes (id, name, district_id, province_id) VALUES (286, 'Bieżuń', 173, 7);
INSERT INTO local_attractions.communes (id, name, district_id, province_id) VALUES (287, 'Kuczbork-Osada', 173, 7);
INSERT INTO local_attractions.communes (id, name, district_id, province_id) VALUES (288, 'Lubowidz', 173, 7);
INSERT INTO local_attractions.communes (id, name, district_id, province_id) VALUES (289, 'Lutocin', 173, 7);
INSERT INTO local_attractions.communes (id, name, district_id, province_id) VALUES (290, 'Siemiątkowo', 173, 7);
INSERT INTO local_attractions.communes (id, name, district_id, province_id) VALUES (291, 'Żuromin', 173, 7);
INSERT INTO local_attractions.communes (id, name, district_id, province_id) VALUES (292, 'Mszczonów', 174, 7);
INSERT INTO local_attractions.communes (id, name, district_id, province_id) VALUES (293, 'Puszcza Mariańska', 174, 7);
INSERT INTO local_attractions.communes (id, name, district_id, province_id) VALUES (294, 'Radziejowice', 174, 7);
INSERT INTO local_attractions.communes (id, name, district_id, province_id) VALUES (295, 'Wiskitki', 174, 7);
INSERT INTO local_attractions.communes (id, name, district_id, province_id) VALUES (296, 'Żyrardów', 174, 7);
INSERT INTO local_attractions.communes (id, name, district_id, province_id) VALUES (297, 'Ostrołęka', 175, 7);
INSERT INTO local_attractions.communes (id, name, district_id, province_id) VALUES (298, 'Płock', 176, 7);
INSERT INTO local_attractions.communes (id, name, district_id, province_id) VALUES (299, 'Radom', 177, 7);
INSERT INTO local_attractions.communes (id, name, district_id, province_id) VALUES (300, 'Siedlce', 178, 7);
INSERT INTO local_attractions.communes (id, name, district_id, province_id) VALUES (301, 'Warszawa', 179, 7);